{"cameraMode":{"drawMode":0,"name":"Shaded","section":"Shading Mode"},"sceneLighting":true,"audioPlay":false,"sceneViewState":{"showFog":true,"showMaterialUpdate":true,"showSkybox":true,"showFlares":true,"showImageEffects":true,"showParticleSystems":true,"showVisualEffectGraphs":true,"m_FxEnabled":true},"in2DMode":false,"pivot":{"x":-44.325111389160159,"y":1.4814848899841309,"z":13.916160583496094},"rotation":{"x":0.053391411900520328,"y":-0.70087069272995,"z":0.05473819747567177,"w":0.7091987133026123},"size":0.7071067690849304,"orthographic":false}